User_ID,sleep,stress,mood,activity,cycle_phase,attention_score,memory_score
11,7.9,3,5,moderate,menstrual,81.6,71.5
20,7.1,2,4,low,ovulatory,83.0,77.6
10,7.1,3,3,low,menstrual,71.2,65.3
2,7.2,1,4,low,luteal,81.0,75.4
12,5.4,1,2,moderate,luteal,73.9,72.1
8,7.8,5,4,moderate,menstrual,63.2,65.1
21,7.4,2,4,high,luteal,80.9,74.8
3,6.6,4,3,moderate,luteal,68.3,75.1
11,7.9,3,5,moderate,menstrual,81.6,71.5
13,6.1,3,4,low,luteal,71.3,76.0
8,9.0,1,5,moderate,follicular,90.2,87.3
9,5.2,3,3,high,follicular,72.1,63.8
12,8.0,1,4,moderate,follicular,87.1,81.4
11,6.5,4,2,high,menstrual,59.3,65.4
11,5.7,4,3,moderate,follicular,71.9,69.5
17,9.0,3,3,moderate,menstrual,77.0,70.2
14,7.0,3,2,low,follicular,71.3,72.2
16,7.1,4,3,low,follicular,70.9,78.1
6,6.7,4,5,moderate,follicular,73.6,63.9
1,6.9,3,5,high,follicular,79.0,75.3
9,5.2,3,3,high,follicular,72.1,63.8
17,8.0,2,4,high,ovulatory,86.6,85.2
4,6.7,4,1,low,luteal,67.1,60.6
14,7.1,3,3,high,follicular,73.6,71.6
21,5.7,1,4,low,follicular,78.6,75.1
21,6.4,2,4,moderate,ovulatory,80.5,80.6
3,6.6,4,3,moderate,luteal,68.3,75.1
17,6.5,1,4,high,menstrual,69.5,72.4
6,7.1,3,1,low,luteal,67.7,69.7
3,7.2,1,1,moderate,luteal,77.8,70.1
9,6.5,2,3,low,menstrual,76.0,69.7
5,6.1,2,5,moderate,ovulatory,86.8,85.1
6,7.9,2,2,high,menstrual,71.4,76.7
18,6.3,5,1,low,luteal,59.1,64.5
21,6.4,2,4,moderate,ovulatory,80.5,80.6
2,7.2,1,4,low,luteal,81.0,75.4
21,6.5,5,5,high,ovulatory,77.4,76.1
21,6.5,5,5,high,ovulatory,77.4,76.1
19,8.2,2,3,low,menstrual,76.4,73.3
21,6.5,5,5,high,ovulatory,77.4,76.1
5,7.2,5,5,moderate,menstrual,70.1,63.7
12,6.1,4,5,high,ovulatory,77.8,74.5
6,6.9,2,3,moderate,luteal,74.3,75.0
7,8.0,4,4,high,follicular,73.5,80.3
14,7.0,3,2,low,follicular,71.3,72.2
5,7.2,5,5,moderate,menstrual,70.1,63.7
14,6.2,5,1,high,menstrual,56.6,62.3
3,6.6,4,3,moderate,luteal,68.3,75.1
8,6.7,2,4,low,luteal,78.7,69.3
18,6.4,2,1,low,follicular,71.1,69.1
2,6.0,4,4,moderate,follicular,76.2,71.6
14,8.8,4,1,moderate,follicular,68.1,71.3
9,6.5,2,3,low,menstrual,76.0,69.7
6,7.0,2,5,high,menstrual,76.6,72.4
2,7.8,3,1,high,ovulatory,76.1,71.3
1,9.0,1,4,low,menstrual,85.2,75.0
9,8.4,1,2,low,luteal,75.3,80.2
6,6.7,4,5,moderate,follicular,73.6,63.9
14,7.1,3,3,high,follicular,73.6,71.6
9,7.8,3,1,low,follicular,70.7,68.9
10,5.9,3,4,low,ovulatory,78.9,79.1
12,6.5,1,4,low,luteal,76.3,78.3
21,6.4,2,4,moderate,ovulatory,80.5,80.6
22,7.4,4,3,high,ovulatory,78.8,76.5
18,8.1,5,3,high,follicular,65.9,66.9
1,7.2,4,1,moderate,luteal,67.8,69.2
19,8.2,2,3,low,menstrual,76.4,73.3
4,5.6,5,3,moderate,luteal,61.9,69.6
9,8.4,2,1,high,menstrual,70.5,68.3
18,5.8,4,4,high,follicular,69.6,73.1
5,6.3,1,2,moderate,menstrual,68.0,69.5
11,5.7,4,3,moderate,follicular,71.9,69.5
14,8.8,4,1,moderate,follicular,68.1,71.3
1,6.9,3,5,high,follicular,79.0,75.3
14,8.8,4,2,high,menstrual,72.2,61.6
6,6.0,1,5,high,follicular,87.6,82.4
11,7.5,4,5,moderate,follicular,74.8,69.4
1,6.2,4,4,low,ovulatory,77.7,76.8
6,6.0,1,5,high,follicular,87.6,82.4
21,6.1,5,4,moderate,ovulatory,74.1,71.6
16,6.8,1,2,low,luteal,75.3,78.5
5,8.0,4,3,high,ovulatory,75.7,74.8
18,8.5,4,5,low,follicular,78.9,75.8
21,6.5,5,5,high,ovulatory,77.4,76.1
2,7.8,3,1,high,ovulatory,76.1,71.3
10,6.6,3,1,moderate,menstrual,62.8,71.3
5,8.8,4,5,moderate,luteal,73.8,69.8
2,7.2,1,4,low,luteal,81.0,75.4
23,9.0,2,2,high,ovulatory,89.0,78.1
21,6.5,5,5,high,ovulatory,77.4,76.1
4,7.9,2,1,moderate,ovulatory,76.3,80.5
9,8.4,3,3,low,menstrual,73.5,69.7
12,6.5,1,4,low,luteal,76.3,78.3
6,6.7,4,5,moderate,follicular,73.6,63.9
3,7.0,5,1,low,ovulatory,70.0,74.9
17,7.9,1,2,low,luteal,80.1,76.5
21,6.4,2,4,moderate,ovulatory,80.5,80.6
13,6.3,5,1,low,menstrual,60.4,59.0
5,6.1,2,1,low,menstrual,64.2,63.8
17,7.9,1,3,low,follicular,81.3,78.6
2,7.2,1,4,low,luteal,81.0,75.4
5,6.5,1,2,high,follicular,78.3,76.8
7,6.0,3,5,low,ovulatory,77.3,76.5
9,6.5,2,3,low,menstrual,76.0,69.7
8,6.7,4,2,low,ovulatory,73.4,75.9
1,9.0,1,4,low,menstrual,85.2,75.0
9,5.2,3,3,high,follicular,72.1,63.8
14,9.0,4,5,low,ovulatory,79.1,78.0
14,5.9,2,3,moderate,luteal,74.6,73.2
7,8.3,5,3,high,menstrual,66.7,65.7
15,8.3,4,4,low,menstrual,66.4,74.2
9,8.4,2,1,high,menstrual,70.5,68.3
14,5.9,2,3,moderate,luteal,74.6,73.2
18,7.8,2,5,low,luteal,80.2,72.4
18,7.8,2,5,low,luteal,80.2,72.4
4,8.9,5,1,low,luteal,68.2,65.5
13,6.4,4,1,low,ovulatory,69.3,66.9
1,6.7,1,4,moderate,follicular,82.3,77.6
5,6.1,2,1,low,menstrual,64.2,63.8
3,6.6,3,4,high,luteal,73.8,74.8
14,6.2,5,1,high,menstrual,56.6,62.3
8,7.8,5,4,moderate,menstrual,63.2,65.1
2,8.0,2,1,high,ovulatory,83.6,80.2
18,8.5,4,5,low,follicular,78.9,75.8
4,8.9,5,1,low,luteal,68.2,65.5
5,8.8,4,5,moderate,luteal,73.8,69.8
16,5.7,1,1,low,ovulatory,74.5,72.3
7,7.4,1,5,low,ovulatory,92.2,86.0
4,9.0,1,1,moderate,menstrual,75.9,74.8
11,6.0,2,3,high,ovulatory,80.3,77.4
18,8.1,5,3,high,follicular,65.9,66.9
11,5.7,4,3,moderate,follicular,71.9,69.5
4,5.6,5,3,moderate,luteal,61.9,69.6
21,5.7,2,3,low,menstrual,73.8,67.7
11,6.7,2,3,low,menstrual,66.0,78.2
19,8.2,2,3,low,menstrual,76.4,73.3
14,7.0,3,2,low,follicular,71.3,72.2
1,7.5,3,5,low,ovulatory,83.6,77.0
1,6.7,1,4,moderate,follicular,82.3,77.6
15,5.3,5,1,high,menstrual,57.1,58.9
11,7.9,3,5,moderate,menstrual,81.6,71.5
3,6.5,5,3,high,luteal,68.8,67.3
15,8.6,5,2,high,follicular,67.3,65.0
2,7.2,1,4,low,luteal,81.0,75.4
9,8.4,1,2,low,luteal,75.3,80.2
5,8.4,5,2,high,follicular,70.7,70.3
13,6.3,5,1,low,menstrual,60.4,59.0
19,7.0,2,5,moderate,ovulatory,89.9,81.1
7,8.3,5,3,high,menstrual,66.7,65.7
10,6.8,3,5,low,follicular,79.1,75.8
5,6.5,3,5,moderate,menstrual,71.0,70.5
10,6.8,3,5,low,follicular,79.1,75.8
14,8.8,4,1,moderate,follicular,68.1,71.3
16,5.7,1,1,low,ovulatory,74.5,72.3
15,7.0,5,2,high,menstrual,63.1,64.1
18,6.6,4,5,low,ovulatory,81.0,78.1
3,8.2,3,4,low,menstrual,74.7,73.0
4,7.5,1,4,high,luteal,81.0,79.8
2,5.4,3,1,high,menstrual,64.8,60.8
17,8.1,3,3,high,follicular,80.8,72.5
8,6.7,4,2,low,ovulatory,73.4,75.9
21,6.5,3,1,moderate,luteal,67.0,62.7
9,6.7,3,3,moderate,luteal,70.8,79.2
3,6.6,3,4,high,luteal,73.8,74.8
7,7.2,5,2,moderate,ovulatory,72.5,75.9
18,6.3,5,1,low,luteal,59.1,64.5
5,6.5,1,2,high,follicular,78.3,76.8
7,7.4,1,5,low,ovulatory,92.2,86.0
20,6.9,4,1,high,menstrual,59.1,64.1
14,8.8,4,2,high,menstrual,72.2,61.6
3,6.6,3,4,high,luteal,73.8,74.8
3,6.6,3,4,high,luteal,73.8,74.8
12,6.1,4,5,high,ovulatory,77.8,74.5
5,8.0,4,3,high,ovulatory,75.7,74.8
9,7.8,3,1,low,follicular,70.7,68.9
3,5.6,2,3,high,luteal,68.0,72.2
21,6.5,5,5,high,ovulatory,77.4,76.1
8,9.0,1,5,moderate,follicular,90.2,87.3
13,7.7,3,2,moderate,menstrual,70.7,68.6
10,5.9,3,4,low,ovulatory,78.9,79.1
21,6.5,5,5,high,ovulatory,77.4,76.1
14,9.0,4,5,low,ovulatory,79.1,78.0
13,7.2,2,3,moderate,menstrual,75.8,73.9
3,6.5,5,3,high,luteal,68.8,67.3
21,6.5,5,5,high,ovulatory,77.4,76.1
13,7.2,2,3,moderate,menstrual,75.8,73.9
12,8.1,4,5,low,luteal,77.7,79.5
1,7.0,2,4,high,follicular,78.8,77.2
11,7.9,3,5,moderate,menstrual,81.6,71.5
22,6.2,3,3,moderate,menstrual,73.8,68.9
23,9.0,2,2,high,ovulatory,89.0,78.1
17,7.3,2,5,high,menstrual,73.7,73.8
15,8.6,5,2,high,follicular,67.3,65.0
7,7.4,1,5,low,ovulatory,92.2,86.0
18,7.3,3,5,moderate,menstrual,74.7,72.1
5,7.2,5,5,moderate,menstrual,70.1,63.7
18,8.1,5,3,high,follicular,65.9,66.9
17,9.0,3,3,moderate,menstrual,77.0,70.2
6,7.9,2,2,high,menstrual,71.4,76.7
13,7.3,1,5,high,ovulatory,93.5,82.2
17,8.1,3,3,high,follicular,80.8,72.5
10,6.8,3,5,low,follicular,79.1,75.8
20,7.1,2,4,low,ovulatory,83.0,77.6
12,4.8,5,2,low,follicular,63.7,63.4
7,7.4,1,5,low,ovulatory,92.2,86.0
20,8.2,5,5,high,luteal,74.7,74.5
5,6.5,3,5,moderate,menstrual,71.0,70.5
2,8.0,2,1,high,ovulatory,83.6,80.2
4,7.3,4,5,low,luteal,74.8,72.2
14,7.1,3,3,high,follicular,73.6,71.6
14,7.0,3,2,low,follicular,71.3,72.2
12,4.8,5,2,low,follicular,63.7,63.4
11,6.7,2,3,low,menstrual,66.0,78.2
12,4.8,5,2,low,follicular,63.7,63.4
20,6.5,5,3,low,follicular,71.4,66.8
9,8.4,2,1,high,menstrual,70.5,68.3
21,6.5,3,1,moderate,luteal,67.0,62.7
12,4.8,5,2,low,follicular,63.7,63.4
1,6.9,3,5,high,follicular,79.0,75.3
14,7.1,3,3,high,follicular,73.6,71.6
6,6.0,1,5,high,follicular,87.6,82.4
9,8.4,2,3,high,ovulatory,83.6,83.3
14,9.0,4,5,low,ovulatory,79.1,78.0
16,7.4,1,3,low,luteal,79.4,75.9
13,7.8,3,2,high,menstrual,68.3,69.0
14,7.1,3,3,high,follicular,73.6,71.6
6,6.7,4,5,moderate,follicular,73.6,63.9
18,8.1,5,3,high,follicular,65.9,66.9
17,8.1,3,3,high,follicular,80.8,72.5
22,6.2,3,3,moderate,menstrual,73.8,68.9
17,8.1,3,3,high,follicular,80.8,72.5
8,6.6,1,2,high,follicular,78.4,71.4
20,7.1,1,2,high,follicular,77.2,76.8
20,6.5,5,3,low,follicular,71.4,66.8
13,6.4,4,1,low,ovulatory,69.3,66.9
16,6.1,3,2,low,menstrual,63.5,74.4
4,6.7,4,1,low,luteal,67.1,60.6
3,7.0,5,1,low,ovulatory,70.0,74.9
8,7.4,5,1,moderate,luteal,59.5,66.5
12,8.1,4,5,low,luteal,77.7,79.5
11,6.8,3,3,high,ovulatory,78.6,78.5
22,6.2,3,3,moderate,menstrual,73.8,68.9
15,8.3,4,4,low,menstrual,66.4,74.2
16,6.0,2,1,low,menstrual,72.5,66.5
11,7.8,2,4,high,follicular,81.8,82.6
13,6.3,5,1,low,menstrual,60.4,59.0
21,6.5,3,1,moderate,luteal,67.0,62.7
8,6.8,5,4,moderate,luteal,62.5,73.9
10,7.1,3,3,low,menstrual,71.2,65.3
1,7.0,2,4,high,follicular,78.8,77.2
16,8.2,4,1,high,ovulatory,76.0,73.2
21,6.5,3,1,moderate,luteal,67.0,62.7
18,5.8,4,4,high,follicular,69.6,73.1
16,7.4,1,3,low,luteal,79.4,75.9
9,8.4,1,2,low,luteal,75.3,80.2
22,6.7,4,4,low,follicular,73.5,72.2
16,7.4,1,3,low,luteal,79.4,75.9
16,8.2,4,1,high,ovulatory,76.0,73.2
10,6.8,3,5,low,follicular,79.1,75.8
22,7.4,4,3,high,ovulatory,78.8,76.5
5,6.5,3,5,moderate,menstrual,71.0,70.5
17,6.5,1,4,high,menstrual,69.5,72.4
18,8.2,5,1,low,ovulatory,73.3,78.1
13,7.7,3,2,moderate,menstrual,70.7,68.6
4,7.3,4,5,low,luteal,74.8,72.2
9,8.4,3,3,low,menstrual,73.5,69.7
11,5.7,4,3,moderate,follicular,71.9,69.5
14,9.0,4,5,low,ovulatory,79.1,78.0
1,7.5,2,2,low,luteal,78.9,74.2
20,6.9,4,1,high,menstrual,59.1,64.1
19,7.1,3,5,moderate,ovulatory,84.4,78.0
16,5.7,1,1,low,ovulatory,74.5,72.3
17,8.2,1,5,moderate,luteal,88.0,81.1
5,8.4,5,2,high,follicular,70.7,70.3
11,6.0,2,3,high,ovulatory,80.3,77.4
1,7.8,2,2,moderate,menstrual,69.0,72.9
16,6.0,2,1,low,menstrual,72.5,66.5
9,8.4,1,2,low,luteal,75.3,80.2
12,7.7,4,3,low,menstrual,70.0,71.1
6,7.0,2,5,high,menstrual,76.6,72.4
12,4.8,5,2,low,follicular,63.7,63.4
1,6.9,3,5,high,follicular,79.0,75.3
14,9.0,4,5,low,ovulatory,79.1,78.0
5,8.8,4,5,moderate,luteal,73.8,69.8
15,4.8,2,5,high,luteal,76.2,70.8
22,7.6,2,2,high,luteal,72.3,74.3
4,9.0,1,1,moderate,menstrual,75.9,74.8
17,8.1,3,3,high,follicular,80.8,72.5
1,9.0,1,4,low,menstrual,85.2,75.0
11,6.0,2,3,high,ovulatory,80.3,77.4
16,7.4,1,3,low,luteal,79.4,75.9
5,8.8,4,5,moderate,luteal,73.8,69.8
14,7.0,3,2,low,follicular,71.3,72.2
16,8.2,4,1,high,ovulatory,76.0,73.2
17,9.0,3,3,moderate,menstrual,77.0,70.2
6,6.0,1,5,high,follicular,87.6,82.4
13,8.0,4,2,high,ovulatory,72.8,72.5
17,6.5,1,4,high,menstrual,69.5,72.4
17,9.0,3,3,moderate,menstrual,77.0,70.2
12,8.1,4,5,low,luteal,77.7,79.5
8,9.0,1,5,moderate,follicular,90.2,87.3
12,4.8,5,2,low,follicular,63.7,63.4
23,9.0,2,2,high,ovulatory,89.0,78.1
18,5.8,4,4,high,follicular,69.6,73.1
18,7.1,4,5,high,follicular,77.0,81.4
11,5.7,4,3,moderate,follicular,71.9,69.5
9,7.8,3,1,low,follicular,70.7,68.9
12,7.7,4,3,low,menstrual,70.0,71.1
11,6.0,2,3,high,ovulatory,80.3,77.4
17,7.2,4,3,high,menstrual,73.3,69.7
10,7.1,3,3,low,menstrual,71.2,65.3
16,6.8,1,2,low,luteal,75.3,78.5
13,7.7,3,2,moderate,menstrual,70.7,68.6
12,9.0,3,1,low,follicular,73.3,77.5
9,8.4,3,3,low,menstrual,73.5,69.7
22,4.6,3,5,low,menstrual,72.0,70.9
6,6.0,1,5,high,follicular,87.6,82.4
18,7.8,2,5,low,luteal,80.2,72.4
21,7.4,2,4,high,luteal,80.9,74.8
18,7.1,2,1,high,luteal,67.1,77.9
17,6.5,1,4,high,menstrual,69.5,72.4
8,6.6,1,2,high,follicular,78.4,71.4
4,8.9,5,1,low,luteal,68.2,65.5
15,5.3,5,1,high,menstrual,57.1,58.9
3,6.6,4,3,moderate,luteal,68.3,75.1
5,8.8,4,5,moderate,luteal,73.8,69.8
16,8.2,4,1,high,ovulatory,76.0,73.2
13,7.7,3,2,moderate,menstrual,70.7,68.6
14,5.9,2,3,moderate,luteal,74.6,73.2
14,6.2,5,1,high,menstrual,56.6,62.3
22,6.7,4,4,low,follicular,73.5,72.2
16,6.1,3,2,low,menstrual,63.5,74.4
13,7.7,3,2,moderate,menstrual,70.7,68.6
4,8.9,5,1,low,luteal,68.2,65.5
19,8.7,4,1,high,ovulatory,74.1,70.7
21,6.5,3,1,moderate,luteal,67.0,62.7
12,7.3,2,5,high,ovulatory,86.0,77.1
13,6.6,4,5,moderate,ovulatory,77.5,80.5
3,7.2,1,1,moderate,luteal,77.8,70.1
17,8.0,2,4,high,ovulatory,86.6,85.2
4,6.7,4,1,low,luteal,67.1,60.6
12,6.4,5,1,low,menstrual,61.1,58.9
5,7.2,5,5,moderate,menstrual,70.1,63.7
20,7.7,4,4,moderate,luteal,76.6,69.4
1,7.2,4,1,moderate,luteal,67.8,69.2
3,6.5,5,3,high,luteal,68.8,67.3
3,6.5,5,3,high,luteal,68.8,67.3
3,6.6,4,3,moderate,luteal,68.3,75.1
3,5.6,2,3,high,luteal,68.0,72.2
11,7.8,2,4,high,follicular,81.8,82.6
3,6.6,3,4,high,luteal,73.8,74.8
12,6.5,1,4,low,luteal,76.3,78.3
21,5.7,1,4,low,follicular,78.6,75.1
22,7.6,2,2,high,luteal,72.3,74.3
6,7.1,5,1,high,menstrual,61.6,60.2
5,8.8,4,5,moderate,luteal,73.8,69.8
16,7.4,1,3,low,luteal,79.4,75.9
1,6.2,4,4,low,ovulatory,77.7,76.8
4,5.6,5,3,moderate,luteal,61.9,69.6
21,5.7,1,4,low,follicular,78.6,75.1
5,6.1,2,5,moderate,ovulatory,86.8,85.1
2,7.7,2,5,moderate,menstrual,79.5,74.7
18,8.1,5,3,high,follicular,65.9,66.9
17,8.0,2,4,high,ovulatory,86.6,85.2
5,5.4,1,4,moderate,follicular,80.8,70.4
12,8.0,1,4,moderate,follicular,87.1,81.4
1,7.0,2,4,high,luteal,77.9,72.3
11,6.0,2,3,high,ovulatory,80.3,77.4
13,6.3,5,1,low,menstrual,60.4,59.0
4,9.0,1,1,moderate,menstrual,75.9,74.8
3,7.0,5,1,low,ovulatory,70.0,74.9
10,7.1,3,3,low,menstrual,71.2,65.3
5,5.4,1,4,moderate,follicular,80.8,70.4
20,7.0,2,4,high,follicular,78.9,78.7
10,6.6,3,1,moderate,menstrual,62.8,71.3
11,6.0,2,3,high,ovulatory,80.3,77.4
21,6.4,2,4,moderate,ovulatory,80.5,80.6
12,8.1,4,5,low,luteal,77.7,79.5
21,6.1,5,4,moderate,ovulatory,74.1,71.6
17,8.1,3,3,high,follicular,80.8,72.5
17,6.5,1,4,high,menstrual,69.5,72.4
7,7.9,1,5,moderate,ovulatory,92.3,80.0
13,7.7,3,2,moderate,menstrual,70.7,68.6
2,6.0,4,4,moderate,follicular,76.2,71.6
3,9.0,4,3,high,menstrual,65.1,67.5
6,6.0,1,5,high,follicular,87.6,82.4
6,7.1,3,1,low,luteal,67.7,69.7
7,7.9,1,5,moderate,ovulatory,92.3,80.0
11,5.7,4,3,moderate,follicular,71.9,69.5
19,5.9,5,5,low,follicular,60.4,67.8
3,7.0,5,1,low,ovulatory,70.0,74.9
12,8.3,3,5,moderate,menstrual,76.7,79.0
4,7.3,1,4,high,menstrual,79.5,72.8
19,8.2,2,3,low,menstrual,76.4,73.3
9,6.7,3,3,moderate,luteal,70.8,79.2
16,5.7,1,1,low,ovulatory,74.5,72.3
22,4.6,3,5,low,menstrual,72.0,70.9
13,6.8,1,4,moderate,menstrual,78.6,73.5
17,7.3,2,5,high,menstrual,73.7,73.8
14,7.1,3,3,high,follicular,73.6,71.6
2,7.7,2,5,moderate,menstrual,79.5,74.7
11,5.7,4,3,moderate,follicular,71.9,69.5
17,6.5,1,4,high,menstrual,69.5,72.4
15,8.6,5,2,high,follicular,67.3,65.0
5,7.0,1,4,low,luteal,83.7,81.5
19,8.7,4,1,high,ovulatory,74.1,70.7
4,7.3,4,5,low,luteal,74.8,72.2
18,6.3,5,1,low,luteal,59.1,64.5
3,8.4,4,2,moderate,follicular,70.1,71.8
11,6.0,2,3,high,ovulatory,80.3,77.4
5,6.3,1,2,moderate,menstrual,68.0,69.5
17,7.2,4,3,high,menstrual,73.3,69.7
17,9.0,3,3,moderate,menstrual,77.0,70.2
2,5.4,3,1,high,menstrual,64.8,60.8
6,7.0,2,5,high,menstrual,76.6,72.4
14,6.2,5,1,high,menstrual,56.6,62.3
6,5.1,4,1,low,menstrual,63.0,63.2
4,7.5,1,4,high,luteal,81.0,79.8
19,7.9,2,2,moderate,menstrual,69.9,72.9
2,6.7,1,3,high,follicular,72.5,77.6
7,6.0,3,5,low,ovulatory,77.3,76.5
1,7.2,4,1,moderate,luteal,67.8,69.2
16,6.0,2,1,low,menstrual,72.5,66.5
15,5.3,5,1,high,menstrual,57.1,58.9
12,7.3,2,5,high,ovulatory,86.0,77.1
15,7.0,5,2,high,menstrual,63.1,64.1
10,5.9,3,4,low,ovulatory,78.9,79.1
11,6.8,3,3,high,ovulatory,78.6,78.5
7,7.2,5,2,moderate,ovulatory,72.5,75.9
4,7.3,1,4,high,menstrual,79.5,72.8
21,6.1,5,4,moderate,ovulatory,74.1,71.6
9,6.7,3,3,moderate,luteal,70.8,79.2
5,7.2,5,5,moderate,menstrual,70.1,63.7
17,7.2,4,3,high,menstrual,73.3,69.7
20,8.2,5,5,high,luteal,74.7,74.5
7,8.3,5,3,high,menstrual,66.7,65.7
21,6.5,5,5,high,ovulatory,77.4,76.1
13,6.1,4,1,moderate,ovulatory,70.9,69.4
16,7.1,4,3,low,follicular,70.9,78.1
6,7.1,3,1,low,luteal,67.7,69.7
6,7.1,3,1,low,luteal,67.7,69.7
9,6.7,3,3,moderate,luteal,70.8,79.2
5,6.1,2,5,moderate,ovulatory,86.8,85.1
20,7.1,2,4,low,ovulatory,83.0,77.6
18,6.3,5,1,low,luteal,59.1,64.5
8,6.8,5,4,moderate,luteal,62.5,73.9
2,7.2,1,4,low,luteal,81.0,75.4
6,6.0,1,5,high,follicular,87.6,82.4
21,6.4,2,4,moderate,ovulatory,80.5,80.6
11,6.7,2,3,low,menstrual,66.0,78.2
1,7.2,4,1,moderate,luteal,67.8,69.2
6,6.7,4,5,moderate,follicular,73.6,63.9
6,7.0,2,5,high,menstrual,76.6,72.4
12,6.1,4,5,high,ovulatory,77.8,74.5
1,6.7,1,4,moderate,follicular,82.3,77.6
11,7.9,3,5,moderate,menstrual,81.6,71.5
22,6.2,1,5,moderate,menstrual,77.0,78.1
1,7.0,2,4,high,luteal,77.9,72.3
12,6.4,5,1,low,menstrual,61.1,58.9
12,8.1,4,5,low,luteal,77.7,79.5
10,5.7,5,1,low,menstrual,59.8,59.2
5,8.0,4,4,low,ovulatory,78.4,84.1
11,6.0,2,3,high,ovulatory,80.3,77.4
6,6.9,2,3,moderate,luteal,74.3,75.0
18,8.2,5,1,low,ovulatory,73.3,78.1
5,6.5,3,5,moderate,menstrual,71.0,70.5
16,6.0,2,1,low,menstrual,72.5,66.5
2,5.4,3,1,high,menstrual,64.8,60.8
12,8.3,3,5,moderate,menstrual,76.7,79.0
13,6.3,5,1,low,menstrual,60.4,59.0
11,7.5,4,5,moderate,follicular,74.8,69.4
17,8.0,2,4,high,ovulatory,86.6,85.2
16,7.4,1,3,low,luteal,79.4,75.9
16,6.1,3,2,low,menstrual,63.5,74.4
13,8.0,4,2,high,ovulatory,72.8,72.5
7,8.3,5,3,high,menstrual,66.7,65.7
2,6.7,1,1,low,ovulatory,82.4,80.4
10,5.9,3,4,low,ovulatory,78.9,79.1
6,7.1,3,1,low,luteal,67.7,69.7
20,7.1,1,2,high,follicular,77.2,76.8
9,8.4,1,2,low,luteal,75.3,80.2
12,8.0,1,4,moderate,follicular,87.1,81.4
7,7.4,1,5,low,ovulatory,92.2,86.0
3,6.2,1,3,low,follicular,80.9,73.9
13,6.8,1,4,moderate,menstrual,78.6,73.5
15,8.6,5,2,high,follicular,67.3,65.0
15,4.8,2,5,high,luteal,76.2,70.8
14,9.0,4,5,low,ovulatory,79.1,78.0
6,7.1,3,1,low,luteal,67.7,69.7
13,6.1,3,4,low,luteal,71.3,76.0
1,7.5,3,5,low,ovulatory,83.6,77.0
4,5.9,4,3,low,luteal,65.1,68.7
10,6.8,3,5,low,follicular,79.1,75.8
13,7.8,3,2,high,menstrual,68.3,69.0
13,7.3,1,5,high,ovulatory,93.5,82.2
5,8.8,4,5,moderate,luteal,73.8,69.8
9,6.5,2,3,low,menstrual,76.0,69.7
12,8.0,1,4,moderate,follicular,87.1,81.4
14,9.0,4,5,low,ovulatory,79.1,78.0
2,7.4,5,3,low,luteal,68.3,70.5
21,7.4,2,4,high,luteal,80.9,74.8
21,5.7,1,4,low,follicular,78.6,75.1
21,6.1,5,4,moderate,ovulatory,74.1,71.6
8,7.4,5,1,moderate,luteal,59.5,66.5
3,7.2,1,1,moderate,luteal,77.8,70.1
10,7.1,3,3,low,menstrual,71.2,65.3
22,6.7,4,4,low,follicular,73.5,72.2
8,6.3,3,4,moderate,luteal,73.2,70.6
17,7.9,1,2,low,luteal,80.1,76.5
16,6.0,2,1,low,menstrual,72.5,66.5
19,7.0,2,5,moderate,ovulatory,89.9,81.1
9,6.7,3,3,moderate,luteal,70.8,79.2
20,6.9,4,1,high,menstrual,59.1,64.1
3,8.2,3,4,low,menstrual,74.7,73.0
8,7.4,5,1,moderate,luteal,59.5,66.5
5,8.0,4,4,low,ovulatory,78.4,84.1
10,5.7,5,1,low,menstrual,59.8,59.2
21,6.5,5,5,high,ovulatory,77.4,76.1
22,7.6,2,2,high,luteal,72.3,74.3
16,6.0,2,1,low,menstrual,72.5,66.5
19,8.7,4,1,high,ovulatory,74.1,70.7
9,6.1,1,1,moderate,luteal,71.2,61.3
4,7.3,4,5,low,luteal,74.8,72.2
11,6.5,4,2,high,menstrual,59.3,65.4
4,8.9,5,1,low,luteal,68.2,65.5
11,6.7,2,3,low,menstrual,66.0,78.2
3,6.2,1,3,low,follicular,80.9,73.9
1,6.5,1,1,low,luteal,75.9,69.5
8,7.4,5,1,moderate,luteal,59.5,66.5
11,6.5,4,2,high,menstrual,59.3,65.4
4,5.9,4,3,low,luteal,65.1,68.7
20,7.1,2,4,low,ovulatory,83.0,77.6
15,8.8,2,1,high,menstrual,68.8,68.2
16,7.4,1,3,low,luteal,79.4,75.9
20,8.2,5,5,high,luteal,74.7,74.5
10,6.8,3,5,low,follicular,79.1,75.8
1,7.5,3,5,low,ovulatory,83.6,77.0
8,7.4,5,1,moderate,luteal,59.5,66.5
1,6.2,4,4,low,ovulatory,77.7,76.8
2,7.4,5,3,low,luteal,68.3,70.5
3,7.0,5,1,low,ovulatory,70.0,74.9
9,8.5,2,2,moderate,follicular,75.3,76.3
1,6.9,3,5,high,follicular,79.0,75.3
13,7.7,3,2,moderate,menstrual,70.7,68.6
17,8.1,3,3,high,follicular,80.8,72.5
9,7.8,3,1,low,follicular,70.7,68.9
17,9.0,3,3,moderate,menstrual,77.0,70.2
15,4.8,2,5,high,luteal,76.2,70.8
19,7.1,3,5,moderate,ovulatory,84.4,78.0
18,7.8,2,5,low,luteal,80.2,72.4
13,6.3,5,1,low,menstrual,60.4,59.0
4,8.9,5,1,low,luteal,68.2,65.5
17,6.5,1,4,high,menstrual,69.5,72.4
21,7.4,2,4,high,luteal,80.9,74.8
19,7.0,2,5,moderate,ovulatory,89.9,81.1
18,6.6,4,5,low,ovulatory,81.0,78.1
11,6.7,2,3,low,menstrual,66.0,78.2
2,8.0,2,1,high,ovulatory,83.6,80.2
7,7.9,1,5,moderate,ovulatory,92.3,80.0
7,6.0,3,5,low,ovulatory,77.3,76.5
17,6.5,1,4,high,menstrual,69.5,72.4
18,8.2,5,1,low,ovulatory,73.3,78.1
8,7.6,5,3,low,luteal,69.6,69.1
5,7.0,1,4,low,luteal,83.7,81.5
5,8.0,4,3,high,ovulatory,75.7,74.8
3,8.2,3,4,low,menstrual,74.7,73.0
15,7.0,1,2,high,menstrual,75.0,72.4
2,8.0,2,1,high,ovulatory,83.6,80.2
10,6.6,3,1,moderate,menstrual,62.8,71.3
5,5.4,1,4,moderate,follicular,80.8,70.4
14,7.1,3,3,high,follicular,73.6,71.6
4,5.6,5,3,moderate,luteal,61.9,69.6
9,8.4,2,1,high,menstrual,70.5,68.3
9,8.4,1,2,low,luteal,75.3,80.2
1,7.2,4,1,moderate,luteal,67.8,69.2
10,7.1,3,3,low,menstrual,71.2,65.3
17,7.9,1,2,low,luteal,80.1,76.5
9,8.4,1,2,low,luteal,75.3,80.2
18,8.5,4,5,low,follicular,78.9,75.8
12,7.3,2,5,high,ovulatory,86.0,77.1
11,8.8,1,2,high,ovulatory,86.4,76.2
14,6.2,5,1,high,menstrual,56.6,62.3
22,6.2,1,5,moderate,menstrual,77.0,78.1
6,7.1,3,1,low,luteal,67.7,69.7
12,8.3,3,5,moderate,menstrual,76.7,79.0
8,9.0,1,5,moderate,follicular,90.2,87.3
17,7.9,1,3,low,follicular,81.3,78.6
13,8.0,4,2,high,ovulatory,72.8,72.5
18,5.8,4,4,high,follicular,69.6,73.1
3,6.6,4,3,moderate,luteal,68.3,75.1
18,5.8,4,4,high,follicular,69.6,73.1
15,8.8,2,1,high,menstrual,68.8,68.2
11,6.7,2,3,low,menstrual,66.0,78.2
17,9.0,3,3,moderate,menstrual,77.0,70.2
21,5.7,1,4,low,follicular,78.6,75.1
19,7.3,4,5,high,menstrual,69.7,70.0
11,6.0,2,3,high,ovulatory,80.3,77.4
4,7.5,1,4,high,luteal,81.0,79.8
10,6.8,3,5,low,follicular,79.1,75.8
17,9.0,3,3,moderate,menstrual,77.0,70.2
16,5.7,1,1,low,ovulatory,74.5,72.3
21,6.5,5,5,high,ovulatory,77.4,76.1
4,9.0,1,1,moderate,menstrual,75.9,74.8
2,8.0,2,1,high,ovulatory,83.6,80.2
12,4.8,5,2,low,follicular,63.7,63.4
20,7.1,1,2,high,follicular,77.2,76.8
2,5.4,3,1,high,menstrual,64.8,60.8
3,6.2,1,3,low,follicular,80.9,73.9
11,6.0,2,3,high,ovulatory,80.3,77.4
11,8.8,1,2,high,ovulatory,86.4,76.2
3,5.6,2,3,high,luteal,68.0,72.2
2,7.7,2,5,moderate,menstrual,79.5,74.7
12,4.8,5,2,low,follicular,63.7,63.4
7,7.4,1,5,low,ovulatory,92.2,86.0
9,7.8,3,1,low,follicular,70.7,68.9
12,7.7,4,3,low,menstrual,70.0,71.1
9,6.7,3,3,moderate,luteal,70.8,79.2
15,7.0,1,2,high,menstrual,75.0,72.4
21,6.5,3,1,moderate,luteal,67.0,62.7
2,6.7,1,1,low,ovulatory,82.4,80.4
19,7.3,4,5,high,menstrual,69.7,70.0
11,6.5,4,2,high,menstrual,59.3,65.4
15,4.8,2,5,high,luteal,76.2,70.8
21,7.4,2,4,high,luteal,80.9,74.8
16,7.4,1,3,low,luteal,79.4,75.9
8,6.3,3,4,moderate,luteal,73.2,70.6
1,9.0,1,4,low,menstrual,85.2,75.0
22,7.4,4,3,high,ovulatory,78.8,76.5
3,6.6,3,4,high,luteal,73.8,74.8
13,7.7,3,2,moderate,menstrual,70.7,68.6
5,6.5,3,5,moderate,menstrual,71.0,70.5
9,8.6,3,5,high,menstrual,78.0,77.2
12,6.5,1,4,low,luteal,76.3,78.3
16,6.0,2,1,low,menstrual,72.5,66.5
12,8.0,1,4,moderate,follicular,87.1,81.4
8,7.4,5,1,moderate,luteal,59.5,66.5
11,6.0,2,3,high,ovulatory,80.3,77.4
15,4.8,2,5,high,luteal,76.2,70.8
3,9.0,4,3,high,menstrual,65.1,67.5
20,7.1,2,4,low,ovulatory,83.0,77.6
13,6.4,4,1,low,ovulatory,69.3,66.9
6,6.7,4,5,moderate,follicular,73.6,63.9
16,5.7,1,1,low,ovulatory,74.5,72.3
16,6.0,2,1,low,menstrual,72.5,66.5
6,5.1,4,1,low,menstrual,63.0,63.2
4,7.3,4,5,low,luteal,74.8,72.2
12,6.4,5,1,low,menstrual,61.1,58.9
20,7.0,2,4,high,follicular,78.9,78.7
5,8.4,5,2,high,follicular,70.7,70.3
20,8.2,5,5,high,luteal,74.7,74.5
18,6.4,2,1,low,follicular,71.1,69.1
15,5.3,5,1,high,menstrual,57.1,58.9
13,6.1,3,4,low,luteal,71.3,76.0
14,7.3,3,2,moderate,ovulatory,76.8,71.6
18,7.8,2,5,low,luteal,80.2,72.4
8,9.0,1,5,moderate,follicular,90.2,87.3
16,6.8,1,2,low,luteal,75.3,78.5
8,6.3,3,4,moderate,luteal,73.2,70.6
1,9.0,1,4,low,menstrual,85.2,75.0
8,7.6,5,3,low,luteal,69.6,69.1
20,8.2,5,5,high,luteal,74.7,74.5
16,6.1,3,2,low,menstrual,63.5,74.4
1,7.8,2,2,moderate,menstrual,69.0,72.9
19,5.9,5,5,low,follicular,60.4,67.8
15,7.0,1,2,high,menstrual,75.0,72.4
18,8.2,5,1,low,ovulatory,73.3,78.1
18,6.3,5,1,low,luteal,59.1,64.5
15,8.6,5,2,high,follicular,67.3,65.0
19,7.1,3,5,moderate,ovulatory,84.4,78.0
3,6.5,5,3,high,luteal,68.8,67.3
13,6.1,3,4,low,luteal,71.3,76.0
22,4.6,3,5,low,menstrual,72.0,70.9
1,6.7,1,4,moderate,follicular,82.3,77.6
3,8.2,3,4,low,menstrual,74.7,73.0
18,7.3,3,5,moderate,menstrual,74.7,72.1
18,7.1,4,5,high,follicular,77.0,81.4
9,8.6,3,5,high,menstrual,78.0,77.2
14,5.9,2,3,moderate,luteal,74.6,73.2
12,6.4,5,1,low,menstrual,61.1,58.9
7,6.0,3,5,low,ovulatory,77.3,76.5
9,6.7,3,3,moderate,luteal,70.8,79.2
16,6.1,3,2,low,menstrual,63.5,74.4
8,6.7,4,2,low,ovulatory,73.4,75.9
5,6.5,1,2,high,follicular,78.3,76.8
14,8.8,4,1,moderate,follicular,68.1,71.3
4,7.5,1,4,high,luteal,81.0,79.8
8,6.8,5,4,moderate,luteal,62.5,73.9
17,8.2,1,5,moderate,luteal,88.0,81.1
2,6.7,1,1,low,ovulatory,82.4,80.4
21,7.4,2,4,high,luteal,80.9,74.8
12,6.1,4,5,high,ovulatory,77.8,74.5
20,7.7,4,4,moderate,luteal,76.6,69.4
18,6.4,2,1,low,follicular,71.1,69.1
10,7.4,3,3,high,menstrual,66.6,76.6
9,8.4,1,2,low,luteal,75.3,80.2
2,6.7,1,1,low,ovulatory,82.4,80.4
4,7.3,4,5,low,luteal,74.8,72.2
13,7.8,3,2,high,menstrual,68.3,69.0
22,6.7,4,4,low,follicular,73.5,72.2
19,7.9,2,2,moderate,menstrual,69.9,72.9
15,7.0,1,2,high,menstrual,75.0,72.4
13,7.8,3,2,high,menstrual,68.3,69.0
6,7.1,3,1,low,luteal,67.7,69.7
16,8.2,4,1,high,ovulatory,76.0,73.2
23,9.0,2,2,high,ovulatory,89.0,78.1
6,7.1,5,1,high,menstrual,61.6,60.2
13,6.8,1,4,moderate,menstrual,78.6,73.5
11,8.8,1,2,high,ovulatory,86.4,76.2
18,6.4,2,1,low,follicular,71.1,69.1
1,7.5,3,5,low,ovulatory,83.6,77.0
14,7.0,3,2,low,follicular,71.3,72.2
10,5.9,3,4,low,ovulatory,78.9,79.1
21,6.5,5,5,high,ovulatory,77.4,76.1
21,6.1,5,4,moderate,ovulatory,74.1,71.6
12,4.8,5,2,low,follicular,63.7,63.4
17,7.2,4,3,high,menstrual,73.3,69.7
6,7.9,4,2,low,luteal,71.8,70.2
17,6.5,1,4,high,menstrual,69.5,72.4
18,7.1,4,5,high,follicular,77.0,81.4
12,8.0,1,4,moderate,follicular,87.1,81.4
14,8.8,4,2,high,menstrual,72.2,61.6
6,7.1,3,1,low,luteal,67.7,69.7
5,8.0,4,3,high,ovulatory,75.7,74.8
19,7.9,2,2,moderate,menstrual,69.9,72.9
17,8.1,3,3,high,follicular,80.8,72.5
19,7.9,2,2,moderate,menstrual,69.9,72.9
6,7.1,5,1,high,menstrual,61.6,60.2
5,8.0,4,4,low,ovulatory,78.4,84.1
16,7.5,5,1,moderate,luteal,63.7,62.1
9,8.5,2,2,moderate,follicular,75.3,76.3
13,7.3,1,5,high,ovulatory,93.5,82.2
18,5.8,4,4,high,follicular,69.6,73.1
16,7.4,1,3,low,luteal,79.4,75.9
2,6.7,1,3,high,follicular,72.5,77.6
20,6.9,4,1,high,menstrual,59.1,64.1
16,6.8,1,2,low,luteal,75.3,78.5
5,8.0,4,4,low,ovulatory,78.4,84.1
5,6.1,2,5,moderate,ovulatory,86.8,85.1
2,7.8,3,1,high,ovulatory,76.1,71.3
15,7.0,5,2,high,menstrual,63.1,64.1
17,8.2,1,5,moderate,luteal,88.0,81.1
1,7.5,3,5,low,ovulatory,83.6,77.0
12,8.0,1,4,moderate,follicular,87.1,81.4
6,6.0,1,5,high,follicular,87.6,82.4
13,7.3,1,5,high,ovulatory,93.5,82.2
1,7.0,2,4,high,follicular,78.8,77.2
16,6.0,2,1,low,menstrual,72.5,66.5
20,6.9,4,1,high,menstrual,59.1,64.1
2,8.0,2,1,high,ovulatory,83.6,80.2
8,7.6,5,3,low,luteal,69.6,69.1
2,7.4,5,3,low,luteal,68.3,70.5
23,9.0,2,2,high,ovulatory,89.0,78.1
11,6.4,2,1,high,follicular,70.1,66.9
17,9.0,3,3,moderate,menstrual,77.0,70.2
17,6.8,3,5,moderate,ovulatory,82.8,78.9
12,8.0,1,4,moderate,follicular,87.1,81.4
1,7.2,4,1,moderate,luteal,67.8,69.2
13,6.1,3,4,low,luteal,71.3,76.0
10,5.9,3,4,low,ovulatory,78.9,79.1
18,5.8,4,4,high,follicular,69.6,73.1
9,8.4,1,2,low,luteal,75.3,80.2
14,5.9,2,3,moderate,luteal,74.6,73.2
20,8.2,5,5,high,luteal,74.7,74.5
6,7.0,2,5,high,menstrual,76.6,72.4
19,7.1,3,5,moderate,ovulatory,84.4,78.0
3,6.6,3,4,high,luteal,73.8,74.8
11,6.7,2,3,low,menstrual,66.0,78.2
5,6.1,2,1,low,menstrual,64.2,63.8
21,5.7,1,4,low,follicular,78.6,75.1
17,7.3,2,5,high,menstrual,73.7,73.8
21,6.1,5,4,moderate,ovulatory,74.1,71.6
16,6.1,3,2,low,menstrual,63.5,74.4
17,6.5,1,4,high,menstrual,69.5,72.4
17,7.9,1,3,low,follicular,81.3,78.6
15,7.0,1,2,high,menstrual,75.0,72.4
5,5.4,1,4,moderate,follicular,80.8,70.4
4,5.6,5,3,moderate,luteal,61.9,69.6
14,8.8,4,2,high,menstrual,72.2,61.6
9,8.4,3,3,low,menstrual,73.5,69.7
12,7.3,2,5,high,ovulatory,86.0,77.1
22,7.6,2,2,high,luteal,72.3,74.3
5,8.0,4,4,low,ovulatory,78.4,84.1
17,7.2,4,3,high,menstrual,73.3,69.7
22,4.6,3,5,low,menstrual,72.0,70.9
1,6.5,1,1,low,luteal,75.9,69.5
6,7.9,4,2,low,luteal,71.8,70.2
3,5.6,2,3,high,luteal,68.0,72.2
12,6.4,5,1,low,menstrual,61.1,58.9
1,6.7,1,4,moderate,follicular,82.3,77.6
13,6.6,4,5,moderate,ovulatory,77.5,80.5
4,8.9,5,1,low,luteal,68.2,65.5
13,7.3,1,5,high,ovulatory,93.5,82.2
7,6.0,3,5,low,ovulatory,77.3,76.5
16,6.8,1,2,low,luteal,75.3,78.5
19,7.3,4,5,high,menstrual,69.7,70.0
1,7.5,2,2,low,luteal,78.9,74.2
9,6.1,1,1,moderate,luteal,71.2,61.3
3,8.4,4,2,moderate,follicular,70.1,71.8
7,8.3,5,3,high,menstrual,66.7,65.7
9,6.7,3,3,moderate,luteal,70.8,79.2
6,7.9,2,2,high,menstrual,71.4,76.7
3,6.5,5,3,high,luteal,68.8,67.3
19,7.3,4,5,high,menstrual,69.7,70.0
17,6.5,1,4,high,menstrual,69.5,72.4
11,6.8,3,3,high,ovulatory,78.6,78.5
11,8.8,1,2,high,ovulatory,86.4,76.2
11,6.0,2,3,high,ovulatory,80.3,77.4
14,9.0,4,5,low,ovulatory,79.1,78.0
16,7.5,5,1,moderate,luteal,63.7,62.1
6,6.9,2,3,moderate,luteal,74.3,75.0
1,7.0,2,4,high,luteal,77.9,72.3
22,7.6,2,2,high,luteal,72.3,74.3
10,6.6,3,1,moderate,menstrual,62.8,71.3
14,7.3,3,2,moderate,ovulatory,76.8,71.6
11,6.4,2,1,high,follicular,70.1,66.9
1,7.0,2,4,high,follicular,78.8,77.2
20,7.0,2,4,high,follicular,78.9,78.7
3,6.2,1,3,low,follicular,80.9,73.9
6,6.7,4,5,moderate,follicular,73.6,63.9
18,7.3,3,5,moderate,menstrual,74.7,72.1
9,8.6,3,5,high,menstrual,78.0,77.2
16,6.1,3,2,low,menstrual,63.5,74.4
9,6.1,1,1,moderate,luteal,71.2,61.3
8,5.2,4,5,low,luteal,64.6,71.4
12,9.0,3,1,low,follicular,73.3,77.5
1,7.5,3,5,low,ovulatory,83.6,77.0
5,7.2,5,5,moderate,menstrual,70.1,63.7
19,7.9,2,2,moderate,menstrual,69.9,72.9
1,6.2,4,4,low,ovulatory,77.7,76.8
21,6.5,5,5,high,ovulatory,77.4,76.1
21,5.7,2,3,low,menstrual,73.8,67.7
12,4.8,5,2,low,follicular,63.7,63.4
4,7.3,1,4,high,menstrual,79.5,72.8
4,5.9,4,3,low,luteal,65.1,68.7
10,5.9,3,4,low,ovulatory,78.9,79.1
10,6.6,3,1,moderate,menstrual,62.8,71.3
8,7.8,5,4,moderate,menstrual,63.2,65.1
4,7.3,4,5,low,luteal,74.8,72.2
17,7.9,1,2,low,luteal,80.1,76.5
18,8.5,4,5,low,follicular,78.9,75.8
20,7.7,4,4,moderate,luteal,76.6,69.4
13,7.3,1,5,high,ovulatory,93.5,82.2
1,7.0,2,4,high,follicular,78.8,77.2
13,6.4,4,1,low,ovulatory,69.3,66.9
5,6.3,1,2,moderate,menstrual,68.0,69.5
2,8.0,2,1,high,ovulatory,83.6,80.2
21,5.7,2,3,low,menstrual,73.8,67.7
6,6.0,1,5,high,follicular,87.6,82.4
14,7.3,3,2,moderate,ovulatory,76.8,71.6
6,5.1,4,1,low,menstrual,63.0,63.2
16,6.1,3,2,low,menstrual,63.5,74.4
12,7.7,4,3,low,menstrual,70.0,71.1
5,8.0,4,4,low,ovulatory,78.4,84.1
16,5.7,1,1,low,ovulatory,74.5,72.3
9,6.1,1,1,moderate,luteal,71.2,61.3
15,5.3,5,1,high,menstrual,57.1,58.9
7,7.2,5,2,moderate,ovulatory,72.5,75.9
8,9.0,1,5,moderate,follicular,90.2,87.3
19,7.0,2,5,moderate,ovulatory,89.9,81.1
11,7.9,3,5,moderate,menstrual,81.6,71.5
18,7.1,4,5,high,follicular,77.0,81.4
21,5.7,1,4,low,follicular,78.6,75.1
4,6.7,4,1,low,luteal,67.1,60.6
5,6.3,1,2,moderate,menstrual,68.0,69.5
11,6.8,3,3,high,ovulatory,78.6,78.5
9,8.4,3,3,low,menstrual,73.5,69.7
3,5.6,2,3,high,luteal,68.0,72.2
9,7.6,5,5,moderate,ovulatory,81.1,78.1
10,7.4,3,3,high,menstrual,66.6,76.6
19,7.0,2,5,moderate,ovulatory,89.9,81.1
21,6.1,5,4,moderate,ovulatory,74.1,71.6
5,6.5,3,5,moderate,menstrual,71.0,70.5
18,7.1,4,5,high,follicular,77.0,81.4
9,7.6,5,5,moderate,ovulatory,81.1,78.1
3,5.6,2,3,high,luteal,68.0,72.2
11,7.5,4,5,moderate,follicular,74.8,69.4
5,7.2,5,5,moderate,menstrual,70.1,63.7
9,8.4,2,1,high,menstrual,70.5,68.3
14,7.3,3,2,moderate,ovulatory,76.8,71.6
3,8.2,3,4,low,menstrual,74.7,73.0
14,8.8,4,1,moderate,follicular,68.1,71.3
15,8.8,2,1,high,menstrual,68.8,68.2
20,6.5,5,3,low,follicular,71.4,66.8
16,6.1,3,2,low,menstrual,63.5,74.4
8,7.6,5,3,low,luteal,69.6,69.1
2,7.7,2,5,moderate,menstrual,79.5,74.7
9,7.8,3,1,low,follicular,70.7,68.9
8,7.4,5,1,moderate,luteal,59.5,66.5
4,5.9,4,3,low,luteal,65.1,68.7
1,7.0,2,4,high,luteal,77.9,72.3
6,6.7,4,5,moderate,follicular,73.6,63.9
22,4.6,3,5,low,menstrual,72.0,70.9
13,7.8,3,2,high,menstrual,68.3,69.0
5,7.0,1,4,low,luteal,83.7,81.5
12,7.3,2,5,high,ovulatory,86.0,77.1
12,6.5,1,4,low,luteal,76.3,78.3
16,5.7,1,1,low,ovulatory,74.5,72.3
20,7.1,1,2,high,follicular,77.2,76.8
9,8.5,2,2,moderate,follicular,75.3,76.3
10,6.6,3,1,moderate,menstrual,62.8,71.3
13,7.3,1,5,high,ovulatory,93.5,82.2
16,6.0,2,1,low,menstrual,72.5,66.5
1,7.2,4,1,moderate,luteal,67.8,69.2
14,8.8,4,1,moderate,follicular,68.1,71.3
11,5.7,4,3,moderate,follicular,71.9,69.5
14,8.8,4,1,moderate,follicular,68.1,71.3
20,6.5,5,3,low,follicular,71.4,66.8
3,9.0,4,3,high,menstrual,65.1,67.5
22,6.7,4,4,low,follicular,73.5,72.2
10,6.8,3,5,low,follicular,79.1,75.8
22,6.7,4,4,low,follicular,73.5,72.2
17,7.3,2,5,high,menstrual,73.7,73.8
10,7.1,3,3,low,menstrual,71.2,65.3
17,8.1,3,3,high,follicular,80.8,72.5
19,7.1,3,5,moderate,ovulatory,84.4,78.0
6,7.1,5,1,high,menstrual,61.6,60.2
13,6.1,3,4,low,luteal,71.3,76.0
5,7.2,5,5,moderate,menstrual,70.1,63.7
16,7.4,1,3,low,luteal,79.4,75.9
3,6.6,4,3,moderate,luteal,68.3,75.1
1,6.7,1,4,moderate,follicular,82.3,77.6
10,5.9,3,4,low,ovulatory,78.9,79.1
18,6.3,5,1,low,luteal,59.1,64.5
6,7.1,5,1,high,menstrual,61.6,60.2
3,7.2,1,1,moderate,luteal,77.8,70.1
16,7.5,5,1,moderate,luteal,63.7,62.1
8,6.8,5,4,moderate,luteal,62.5,73.9
1,7.5,3,5,low,ovulatory,83.6,77.0
14,7.3,3,2,moderate,ovulatory,76.8,71.6
2,8.0,2,1,high,ovulatory,83.6,80.2
9,8.4,1,2,low,luteal,75.3,80.2
5,5.4,1,4,moderate,follicular,80.8,70.4
4,5.9,4,3,low,luteal,65.1,68.7
19,7.3,4,5,high,menstrual,69.7,70.0
8,5.2,4,5,low,luteal,64.6,71.4
5,6.5,1,2,high,follicular,78.3,76.8
17,7.3,2,5,high,menstrual,73.7,73.8
8,6.7,2,4,low,luteal,78.7,69.3
3,8.4,4,2,moderate,follicular,70.1,71.8
5,8.0,4,4,low,ovulatory,78.4,84.1
13,7.2,2,3,moderate,menstrual,75.8,73.9
6,7.9,4,2,low,luteal,71.8,70.2
10,5.7,5,1,low,menstrual,59.8,59.2
12,5.4,1,2,moderate,luteal,73.9,72.1
7,8.3,5,3,high,menstrual,66.7,65.7
5,8.8,4,5,moderate,luteal,73.8,69.8
6,7.1,5,1,high,menstrual,61.6,60.2
9,8.4,2,1,high,menstrual,70.5,68.3
3,8.4,4,2,moderate,follicular,70.1,71.8
4,7.5,1,4,high,luteal,81.0,79.8
1,7.5,3,5,low,ovulatory,83.6,77.0
1,7.2,4,1,moderate,luteal,67.8,69.2
12,4.8,5,2,low,follicular,63.7,63.4
11,6.0,2,3,high,ovulatory,80.3,77.4
20,7.1,2,4,low,ovulatory,83.0,77.6
5,8.0,4,4,low,ovulatory,78.4,84.1
13,6.8,1,4,moderate,menstrual,78.6,73.5
6,7.9,4,2,low,luteal,71.8,70.2
2,7.8,3,1,high,ovulatory,76.1,71.3
3,6.6,3,4,high,luteal,73.8,74.8
8,5.2,4,5,low,luteal,64.6,71.4
14,7.1,3,3,high,follicular,73.6,71.6
12,6.4,5,1,low,menstrual,61.1,58.9
17,7.9,1,2,low,luteal,80.1,76.5
2,7.8,3,1,high,ovulatory,76.1,71.3
21,6.5,3,1,moderate,luteal,67.0,62.7
6,7.9,4,2,low,luteal,71.8,70.2
12,7.3,2,5,high,ovulatory,86.0,77.1
1,7.8,2,2,moderate,menstrual,69.0,72.9
1,7.0,2,4,high,follicular,78.8,77.2
12,6.5,1,4,low,luteal,76.3,78.3
16,5.7,1,1,low,ovulatory,74.5,72.3
12,5.4,1,2,moderate,luteal,73.9,72.1
2,6.0,4,4,moderate,follicular,76.2,71.6
4,6.7,4,1,low,luteal,67.1,60.6
12,7.3,2,5,high,ovulatory,86.0,77.1
2,7.2,1,4,low,luteal,81.0,75.4
21,5.7,1,4,low,follicular,78.6,75.1
13,6.6,4,5,moderate,ovulatory,77.5,80.5
3,6.6,3,4,high,luteal,73.8,74.8
4,7.3,4,5,low,luteal,74.8,72.2
20,6.9,4,1,high,menstrual,59.1,64.1
2,7.7,2,5,moderate,menstrual,79.5,74.7
9,6.7,3,3,moderate,luteal,70.8,79.2
13,7.8,3,2,high,menstrual,68.3,69.0
5,8.0,4,3,high,ovulatory,75.7,74.8
3,9.0,4,3,high,menstrual,65.1,67.5
16,6.1,3,2,low,menstrual,63.5,74.4
2,5.4,3,1,high,menstrual,64.8,60.8
3,9.0,4,3,high,menstrual,65.1,67.5
8,6.6,1,2,high,follicular,78.4,71.4
15,8.8,2,1,high,menstrual,68.8,68.2
7,7.9,1,5,moderate,ovulatory,92.3,80.0
12,6.4,5,1,low,menstrual,61.1,58.9
16,6.8,1,2,low,luteal,75.3,78.5
12,6.5,1,4,low,luteal,76.3,78.3
12,6.5,1,4,low,luteal,76.3,78.3
4,5.9,4,3,low,luteal,65.1,68.7
12,6.5,1,4,low,luteal,76.3,78.3
1,7.2,4,1,moderate,luteal,67.8,69.2
